cluster6,cluster5,cluster3,cluster7,cluster2,cluster1,cluster4,cluster0
ABGYNservices,anscott63,alexdelong_,ABabysRights,Abigailschumach,allisonnell,bakerbarb54130,Alboteaparty
FreeSafeLegalUK,Briggs_CK,Anthony13JJ,AllanLohr,AngelaFairbanks,amyrpatton,caraecal,annamchughGP
soihadanabort,CathrynBuse,bananafitz,AustCBR,Apocalypte,anj_90,CathCornellMD,basvandervoort
,CSLCHSnMore,beckererine,bo_rajer,BrianChiasson,cbpolis,debc51,BeWellWriting
,DrEmmaBasch,BitterBrendy,ClevelandRTL,Chuck_Swanson,DrCNM,Elentari98,BundeCollins
,EmilyThrive,braincavanagh,HopeBeats,CityonaHillUSA,IWRising,fedewa_agnes,CaRi1765
,farfromhomenow,ch7pg3,Hweininger,DailyCatechist,JessieQ_1,julieburtonwmc,CDGonzo2016
,KGHerriott23,clinicalsarcasm,wordspurify27,denmurray24,JVanMaren,justinbook18,clayguy83
,Prolifefriend,DAvallone,,DenverDelRay,katherine_ae,kgscanlon,ClymerCaitlyn
,,defenderofthe8,,DianaMurtagh,kelseamcbelsea,lifepathMAS,ConnieBII
,,derrickj2015,,dogsharkey,KmTilley,rabbrady,cpsmurtagh
,,Disciple4Lif,,ebethsher,likallman,riconservative,digingupthedead
,,evonniastarr,,eleenmurf,littlemissevec,thejessicaraven,donbrownbooks
,,GaryMillrat,,ericzieg,Manuela2day,VERASTEGUI100,fargen77
,,HattieLadd,,ffskennz,molly_trivette,WilsonRx,formasjuitan
,,jessiechavez491,,JeSuisAlison,realsophieyates,,frederick5661
,,JobsenGrothe,,katie_jacob55,regright,,FriscoTx4Trump
,,Joe_Panama,,Keithhinton8,ReinyDey,,GermanAlcocer1
,,johng167,,Klaskarides,RooForLife,,grammaviolet
,,justaoifethings,,lwsplash,RoseAntonia13,,Great_Scott79
,,laurelmoth,,miss_kGa,SamuelRWeaver1,,ibiloh
,,Linzito85,,MJLucey,SimonCookeMSI,,IbrahimSaidUba1
,,Lizard_UK,,Mr_TomMyers,thejacksonlacy,,inarvan
,,LizYohnRN,,Muir_maid,Vikar_Singh,,Jaack2063
,,madelbean,,PeterJohnRowe,,,jackeekgonzalez
,,MikeMorganMN,,RepMyers,,,jessicapcash87
,,misbehavens,,richellenicole,,,jhiybqh3
,,miskinlaw,,RKCSouthern,,,johnphalpin
,,Miss_Sam_Kelly,,RockBautumn,,,joleen_jkane27
,,Morgan0livia,,RyanBizarri,,,josephintoronto
,,MrsDoma,,scopferbrace,,,JPAndreas1
,,OnlyGirlOfTen,,SheriTreadwell,,,jshaw423
,,PatKernanQuinn,,sineadgallivann,,,juliana_swenson
,,ProfHarlan,,strangemoore,,,KatLTosh
,,RebeccaG2012,,sydneyrenee3,,,kimidwa
,,RedPillSlayer,,T2theGuajardo,,,LoriDeForest62
,,richard_bushey,,toratannerchung,,,LuiGui_FCh
,,samscrta,,Trevor_Horne,,,margorice86
,,scarr6612,,vailkoyo,,,marthahorton2
,,sexualhealthns,,,,,mikealfinito
,,shaunkenyon1967,,,,,MonetteStephen
,,ShooguhLipz,,,,,okinnear3
,,tkose98,,,,,Pearl_Barney
,,trianglescheme,,,,,rjg27
,,UKStorageGuru,,,,,Rodrigo_Bares
,,wafulkerson1,,,,,RoxieToxic_
,,WarrenDavidson,,,,,ShinobiShawn2
,,,,,,,sojourner_blanc
,,,,,,,The_Alma_D
,,,,,,,TheOpenMicah
,,,,,,,tideslifefaith
,,,,,,,tjbayus1
,,,,,,,TomBurdolski
,,,,,,,turnerdina1
,,,,,,,VLabarum
